{"accuracy_score": 0.7377049180327869, "roc_auc_score": 0.8043956043956044, "f1_score": 0.75}